{"cameraMode":{"drawMode":0,"name":"Shaded","section":"Shading Mode"},"sceneLighting":false,"audioPlay":false,"sceneViewState":{"showFog":true,"showMaterialUpdate":false,"showSkybox":true,"showFlares":true,"showImageEffects":true,"showParticleSystems":true},"in2DMode":false,"pivot":{"x":20.430885314941408,"y":-26.987653732299806,"z":57.087974548339847},"rotation":{"x":0.2923848330974579,"y":0.2974867820739746,"z":-0.09624513983726502,"w":0.9037455320358276},"size":62.3026237487793,"orthographic":false}