{"cameraMode":{"drawMode":0,"name":"Shaded","section":"Shading Mode"},"sceneLighting":false,"audioPlay":false,"sceneViewState":{"showFog":true,"showMaterialUpdate":false,"showSkybox":true,"showFlares":true,"showImageEffects":true,"showParticleSystems":true},"in2DMode":false,"pivot":{"x":9.087027549743653,"y":-11.119565963745118,"z":61.5479736328125},"rotation":{"x":0.29425448179244997,"y":0.19601482152938844,"z":-0.06179574504494667,"w":0.9333681464195252},"size":71.4690933227539,"orthographic":false}