{"cameraMode":{"drawMode":0,"name":"Shaded","section":"Shading Mode"},"sceneLighting":false,"audioPlay":false,"sceneViewState":{"showFog":true,"showMaterialUpdate":false,"showSkybox":true,"showFlares":true,"showImageEffects":true,"showParticleSystems":true},"in2DMode":false,"pivot":{"x":-2.606624126434326,"y":-4.76837158203125e-7,"z":19.89885902404785},"rotation":{"x":0.2923848330974579,"y":0.2974867820739746,"z":-0.09624513983726502,"w":0.9037455320358276},"size":23.386857986450197,"orthographic":false}