{"cameraMode":{"drawMode":0,"name":"Shaded","section":"Shading Mode"},"sceneLighting":false,"audioPlay":false,"sceneViewState":{"showFog":true,"showMaterialUpdate":false,"showSkybox":true,"showFlares":true,"showImageEffects":true,"showParticleSystems":true},"in2DMode":false,"pivot":{"x":-0.26999998092651369,"y":1.0,"z":13.09000015258789},"rotation":{"x":0.19663240015506745,"y":-0.027349570766091348,"z":0.005487220361828804,"w":0.9800809025764465},"size":19.23978042602539,"orthographic":false}